{
  "outlier_method": [
    "anomaly",
    "ensembleThresholded-MOMENT-TimesNet-UniTS-gt-finetune",
    "ensemble-LOF-MOMENT-OneClassSVM-PROPHET-SubPCA-TimesNet-UniTS-gt-finetune",
    "UniTS-orig-zeroshot",
    "MOMENT-gt-finetune",
    "UniTS-gt-finetune",
    "TimesNet-gt",
    "TimesNet-orig",
    "UniTS-orig-finetune",
    "pupil-gt",
    "MOMENT-gt-zeroshot",
    "PROPHET",
    "MOMENT-orig-finetune",
    "LOF",
    "exclude",
    "OneClassSVM",
    "SubPCA"
  ],
  "auroc_mean": [
    0.9109961636828644,
    0.907818158567775,
    0.9050841432225063,
    0.8928805626598464,
    0.8922272378516624,
    0.8884199488491047,
    0.8865462915601023,
    0.885657800511509,
    0.8831997442455244,
    0.8782951122477977,
    0.8746232736572891,
    0.874158567774936,
    0.856212020460358,
    0.8539329923273657,
    0.8513606138107417,
    0.8497914322250638,
    0.8472572890025575
  ],
  "auroc_ci_lower": [
    0.9027813299232735,
    0.8542199488491049,
    0.8273657289002558,
    0.8644501278772379,
    0.7787084398976982,
    0.7953644501278772,
    0.8427109974424553,
    0.7749040920716113,
    0.8132992327365729,
    0.6135549872122762,
    0.7723785166240409,
    0.7928388746803069,
    0.7506393861892584,
    0.7723785166240409,
    0.7876918158567774,
    0.7621163682864449,
    0.7621163682864449
  ],
  "auroc_ci_upper": [
    0.9194373401534527,
    0.9322250639386189,
    0.9296675191815856,
    0.9066496163682864,
    0.9207480818414323,
    0.918158567774936,
    0.9143222506393861,
    0.9092391304347827,
    0.9168797953964194,
    0.9322250639386189,
    0.9066496163682864,
    0.9168797953964194,
    0.9143222506393861,
    0.9117647058823529,
    0.9054028132992328,
    0.9040920716112532,
    0.9015664961636829
  ]
}